epoch,steps,cosine_pearson,cosine_spearman
1.0,3704,0.5092038476919148,0.5014754584894575
2.0,7408,0.5294095021513703,0.5275336008438907
3.0,11112,0.5326772401813089,0.5296349366600542
