epoch,steps,cosine_pearson,cosine_spearman
1.0,2963,0.5019800022830088,0.4909504467903588
2.0,5926,0.5205172828402385,0.5094035610050133
3.0,8889,0.526399706911166,0.5184365027159036
